stim_id,Ethnicity,Gender,Age
AF-203,Asian,Female,22.75862069
AF-204,Asian,Female,30.13793103
AF-205,Asian,Female,26.59259259
AF-209,Asian,Female,22.56
AF-211,Asian,Female,22.5
AF-212,Asian,Female,23.85714286
AF-222,Asian,Female,24.86206897
AF-224,Asian,Female,28.76
AF-228,Asian,Female,24.76923077
AF-229,Asian,Female,25.85185185
AF-230,Asian,Female,24.14814815
AF-245,Asian,Female,30.22222222
AF-248,Asian,Female,34.17241379
AF-250,Asian,Female,25.10344828
AF-255,Asian,Female,26
AM-201,Asian,Male,23.8
AM-202,Asian,Male,26.22222222
AM-204,Asian,Male,23.91666667
AM-205,Asian,Male,34.83333333
AM-209,Asian,Male,27.75
AM-210,Asian,Male,21.04761905
AM-211,Asian,Male,26.32142857
AM-225,Asian,Male,24.68
AM-229,Asian,Male,24.76923077
AM-231,Asian,Male,26.93103448
AM-237,Asian,Male,29.44
AM-238,Asian,Male,27.42307692
AM-243,Asian,Male,23.88
AM-246,Asian,Male,29.07142857
AM-250,Asian,Male,25.88461538
BF-003,Black,Female,25.80898876
BF-004,Black,Female,26.98369565
BF-005,Black,Female,28.12087912
BF-007,Black,Female,30.51086957
BF-008,Black,Female,24.57471264
BF-018,Black,Female,26.9010989
BF-020,Black,Female,26.45744681
BF-035,Black,Female,19
BF-047,Black,Female,34.21348315
BF-201,Black,Female,27.4
BF-210,Black,Female,24
BF-241,Black,Female,25.32142857
BF-244,Black,Female,29.10714286
BF-247,Black,Female,25.48148148
BF-250,Black,Female,31.0952381
BM-002,Black,Male,25.10638298
BM-017,Black,Male,32.8172043
BM-027,Black,Male,24.14814815
BM-030,Black,Male,25.26041667
BM-032,Black,Male,34.54494382
BM-040,Black,Male,26.95238095
BM-202,Black,Male,29.66666667
BM-210,Black,Male,29.22580645
BM-211,Black,Male,31.51851852
BM-219,Black,Male,24.22222222
BM-226,Black,Male,21.77777778
BM-227,Black,Male,24.51851852
BM-238,Black,Male,24.48148148
BM-250,Black,Male,34.93103448
BM-253,Black,Male,31.875
LF-202,Latinx,Female,29.85185185
LF-206,Latinx,Female,26.23076923
LF-208,Latinx,Female,24.64285714
LF-209,Latinx,Female,21.73076923
LF-210,Latinx,Female,24.80769231
LF-213,Latinx,Female,25.8
LF-216,Latinx,Female,24.72
LF-219,Latinx,Female,24.96153846
LF-220,Latinx,Female,22.16
LF-226,Latinx,Female,25.38461538
LF-228,Latinx,Female,24.5862069
LF-235,Latinx,Female,24.73076923
LF-241,Latinx,Female,29.85185185
LF-253,Latinx,Female,27.46153846
LF-254,Latinx,Female,22.125
LM-207,Latinx,Male,20.5
LM-210,Latinx,Male,29.48148148
LM-211,Latinx,Male,19.35714286
LM-214,Latinx,Male,27.5
LM-217,Latinx,Male,33.44
LM-219,Latinx,Male,26.7037037
LM-224,Latinx,Male,26.55172414
LM-227,Latinx,Male,32.27586207
LM-231,Latinx,Male,27.92
LM-241,Latinx,Male,26.14285714
LM-243,Latinx,Male,21.64285714
LM-247,Latinx,Male,25.41666667
LM-250,Latinx,Male,22.64285714
LM-251,Latinx,Male,26.44
LM-252,Latinx,Male,28.66666667
WF-007,White,Female,21.79787234
WF-012,White,Female,23.17525773
WF-015,White,Female,24.21111111
WF-020,White,Female,26.02222222
WF-030,White,Female,24.17977528
WF-031,White,Female,23.23529412
WF-205,White,Female,27.56
WF-208,White,Female,26.44444444
WF-210,White,Female,27.38461538
WF-211,White,Female,21.55172414
WF-215,White,Female,30.64
WF-220,White,Female,24.4137931
WF-226,White,Female,32.23809524
WF-242,White,Female,27.28571429
WF-252,White,Female,26.46428571
WM-003,White,Male,23.3452381
WM-009,White,Male,23.69565217
WM-016,White,Male,30.39534884
WM-039,White,Male,19.23863636
WM-211,White,Male,27.79310345
WM-213,White,Male,26.36
WM-216,White,Male,30.88461538
WM-217,White,Male,18.73076923
WM-229,White,Male,24.69565217
WM-236,White,Male,20.73076923
WM-237,White,Male,29
WM-242,White,Male,23.06896552
WM-243,White,Male,31.44
WM-244,White,Male,30.51851852
WM-256,White,Male,30.96153846
